split0_test_score,split1_test_score,split2_test_score,split3_test_score,split4_test_score,mean_test_score,std_test_score,rank_test_score,mean_fit_time,std_fit_time,mean_score_time,std_score_time,param_colsample_bytree,param_gamma,param_learning_rate,param_max_depth,param_min_child_weight,param_n_estimators,param_reg_alpha,param_reg_lambda,param_scale_pos_weight,param_subsample,params
0.7951807228915662,0.9560439560439561,0.9111111111111111,0.8901098901098902,0.9239130434782609,0.8952450027632505,0.054476115791687256,44,0.3715701103210449,0.010451448522001429,0.003397512435913086,0.0004898431271176978,0.91016552842833,0.015797489790511925,1.1292579362959514,27,6,515,0.3285569954293849,0.08006995132099874,0.7965977377685692,0.843026363873282,"OrderedDict([('colsample_bytree', 0.91016552842833), ('gamma', 0.015797489790511925), ('learning_rate', 1.1292579362959514), ('max_depth', 27), ('min_child_weight', 6), ('n_estimators', 515), ('reg_alpha', 0.3285569954293849), ('reg_lambda', 0.08006995132099874), ('scale_pos_weight', 0.7965977377685692), ('subsample', 0.843026363873282)])"
0.770949720670391,0.8555555555555556,0.8114285714285714,0.7305389221556886,0.869047619047619,0.80752164225259,0.05166616842641677,83,1.504868984222412,0.05980082951773263,0.004797124862670898,0.0007479204217973564,0.9000134575729503,0.0005730921158110448,5.5883137054880184e-06,13,7,902,9.132272081862517,0.03319865646983142,0.9618940316575866,0.7939629260205386,"OrderedDict([('colsample_bytree', 0.9000134575729503), ('gamma', 0.0005730921158110448), ('learning_rate', 5.5883137054880184e-06), ('max_depth', 13), ('min_child_weight', 7), ('n_estimators', 902), ('reg_alpha', 9.132272081862517), ('reg_lambda', 0.03319865646983142), ('scale_pos_weight', 0.9618940316575866), ('subsample', 0.7939629260205386)])"
0.8636363636363636,0.9560439560439561,0.9325842696629215,0.907103825136612,0.9555555555555557,0.9229657851315943,0.034717685458399386,20,1.277209758758545,0.03583935876759335,0.004197597503662109,0.00039958962392692293,0.9250873846163546,0.022220564142339395,0.1047246086134961,7,3,992,0.22677153179440457,2.0244281752846858,0.7666051817749031,0.9986501880666516,"OrderedDict([('colsample_bytree', 0.9250873846163546), ('gamma', 0.022220564142339395), ('learning_rate', 0.1047246086134961), ('max_depth', 7), ('min_child_weight', 3), ('n_estimators', 992), ('reg_alpha', 0.22677153179440457), ('reg_lambda', 2.0244281752846858), ('scale_pos_weight', 0.7666051817749031), ('subsample', 0.9986501880666516)])"
0.7999999999999999,0.8826815642458101,0.8681318681318682,0.8444444444444446,0.9050279329608938,0.8600237245380473,0.035921682360240514,68,1.105316400527954,0.05554600945647754,0.00479731559753418,0.000748098853118026,0.8683912747187847,0.00010783926528341678,0.00010355038932700943,16,4,455,0.992936572879022,0.001327434030549492,0.8226052188314646,0.8472733813840215,"OrderedDict([('colsample_bytree', 0.8683912747187847), ('gamma', 0.00010783926528341678), ('learning_rate', 0.00010355038932700943), ('max_depth', 16), ('min_child_weight', 4), ('n_estimators', 455), ('reg_alpha', 0.992936572879022), ('reg_lambda', 0.001327434030549492), ('scale_pos_weight', 0.8226052188314646), ('subsample', 0.8472733813840215)])"
0.8022598870056498,0.9491525423728814,0.9120879120879122,0.898876404494382,0.9444444444444444,0.9013180053102378,0.053111107687539544,37,0.32200040817260744,0.0541934301069622,0.0035976886749267576,0.0007995725046830675,0.7646011581402816,0.00038578459129136127,1.0085354914149092,4,5,368,1.168008534464959,0.2483973854903286,0.7989133336793245,0.8518334365144267,"OrderedDict([('colsample_bytree', 0.7646011581402816), ('gamma', 0.00038578459129136127), ('learning_rate', 1.0085354914149092), ('max_depth', 4), ('min_child_weight', 5), ('n_estimators', 368), ('reg_alpha', 1.168008534464959), ('reg_lambda', 0.2483973854903286), ('scale_pos_weight', 0.7989133336793245), ('subsample', 0.8518334365144267)])"
0.8070175438596491,0.9281767955801105,0.8938547486033518,0.87292817679558,0.9273743016759776,0.8858377827199434,0.044661731234490916,53,1.0579453945159911,0.04365181995421723,0.00479741096496582,0.0009792189119705917,0.7589836372936681,0.04612723476459864,2.5282976523202e-06,15,2,334,0.0016416969202809667,0.7182396203478544,0.959570807956695,0.8409442808842422,"OrderedDict([('colsample_bytree', 0.7589836372936681), ('gamma', 0.04612723476459864), ('learning_rate', 2.5282976523202e-06), ('max_depth', 15), ('min_child_weight', 2), ('n_estimators', 334), ('reg_alpha', 0.0016416969202809667), ('reg_lambda', 0.7182396203478544), ('scale_pos_weight', 0.959570807956695), ('subsample', 0.8409442808842422)])"
0.8047337278106509,0.9171270718232044,0.8999999999999999,0.8901098901098902,0.9340659340659342,0.8891552049730385,0.04484706388080473,50,3.7394879341125487,0.18378596153374543,0.008195114135742188,0.0034847879260732142,0.919418331377962,0.6752502393403164,3.318783362459636e-05,31,1,851,0.29893588628745404,0.03838718844942658,0.8015213947952691,0.8438173351938522,"OrderedDict([('colsample_bytree', 0.919418331377962), ('gamma', 0.6752502393403164), ('learning_rate', 3.318783362459636e-05), ('max_depth', 31), ('min_child_weight', 1), ('n_estimators', 851), ('reg_alpha', 0.29893588628745404), ('reg_lambda', 0.03838718844942658), ('scale_pos_weight', 0.8015213947952691), ('subsample', 0.8438173351938522)])"
0.8047337278106509,0.9021739130434783,0.8826815642458101,0.8913043478260869,0.918918918918919,0.8799052070364071,0.03953413510091421,58,3.0680796623229982,0.12644890604600972,0.0031246662139892576,0.006249332427978514,0.9942399303752477,0.0435545377709014,0.0006550998952616189,16,2,692,0.04657269421125992,0.0025781313152764217,0.8886010323957282,0.9277600890877941,"OrderedDict([('colsample_bytree', 0.9942399303752477), ('gamma', 0.0435545377709014), ('learning_rate', 0.0006550998952616189), ('max_depth', 16), ('min_child_weight', 2), ('n_estimators', 692), ('reg_alpha', 0.04657269421125992), ('reg_lambda', 0.0025781313152764217), ('scale_pos_weight', 0.8886010323957282), ('subsample', 0.9277600890877941)])"
0.8323699421965318,0.9289617486338798,0.9050279329608938,0.8901098901098902,0.9333333333333332,0.8979292231091501,0.03642424680288871,40,2.235664176940918,0.03045806985321027,0.009978532791137695,0.008221385558692527,0.8297164515608693,0.025427953817911266,0.0017255447479337664,7,3,820,0.05090175167566534,0.08227201385052393,0.9017847981326788,0.9860043519111066,"OrderedDict([('colsample_bytree', 0.8297164515608693), ('gamma', 0.025427953817911266), ('learning_rate', 0.0017255447479337664), ('max_depth', 7), ('min_child_weight', 3), ('n_estimators', 820), ('reg_alpha', 0.05090175167566534), ('reg_lambda', 0.08227201385052393), ('scale_pos_weight', 0.9017847981326788), ('subsample', 0.9860043519111066)])"
0.7796610169491526,0.8478260869565218,0.8571428571428571,0.7674418604651162,0.8764044943820225,0.8257038556296025,0.0437048635802001,77,0.39362635612487795,0.08086654267076462,0.0070492267608642575,0.007151894747876174,0.963585220172921,0.025113183653834546,3.281646363758601e-06,9,9,229,0.25675805074820574,0.42318978241947636,0.9033853051026403,0.7857641087952518,"OrderedDict([('colsample_bytree', 0.963585220172921), ('gamma', 0.025113183653834546), ('learning_rate', 3.281646363758601e-06), ('max_depth', 9), ('min_child_weight', 9), ('n_estimators', 229), ('reg_alpha', 0.25675805074820574), ('reg_lambda', 0.42318978241947636), ('scale_pos_weight', 0.9033853051026403), ('subsample', 0.7857641087952518)])"
0.7664670658682634,0.8522727272727273,0.8284023668639053,0.7453416149068324,0.8953488372093024,0.8175601928031724,0.05508190138590068,79,3.322751998901367,0.29766061435467794,0.000599813461303711,0.001199626922607422,0.901205036718063,10.0,0.1663120935655595,32,2,1000,0.09168832067631941,10.0,0.75,1.0,"OrderedDict([('colsample_bytree', 0.901205036718063), ('gamma', 10.0), ('learning_rate', 0.1663120935655595), ('max_depth', 32), ('min_child_weight', 2), ('n_estimators', 1000), ('reg_alpha', 0.09168832067631941), ('reg_lambda', 10.0), ('scale_pos_weight', 0.75), ('subsample', 1.0)])"
0.16666666666666666,0.8059701492537313,0.20588235294117646,0.28402366863905326,0.2787878787878788,0.34841844478285905,0.23335234760862045,100,0.05933723449707031,0.005122467324686043,0.00372467041015625,0.006062324157577151,0.8652167750451708,0.0001,10.0,2,1,100,0.001,10.0,1.0,1.0,"OrderedDict([('colsample_bytree', 0.8652167750451708), ('gamma', 0.0001), ('learning_rate', 10.0), ('max_depth', 2), ('min_child_weight', 1), ('n_estimators', 100), ('reg_alpha', 0.001), ('reg_lambda', 10.0), ('scale_pos_weight', 1.0), ('subsample', 1.0)])"
0.7555555555555555,0.8379888268156425,0.7951807228915662,0.7228915662650602,0.7950310559006212,0.7813804981836455,0.039156344522158375,95,0.0822072982788086,0.018965207067795545,0.006849479675292969,0.00724787808296554,0.75,0.0001,10.0,2,2,100,0.001,0.2689858655678121,0.75,1.0,"OrderedDict([('colsample_bytree', 0.75), ('gamma', 0.0001), ('learning_rate', 10.0), ('max_depth', 2), ('min_child_weight', 2), ('n_estimators', 100), ('reg_alpha', 0.001), ('reg_lambda', 0.2689858655678121), ('scale_pos_weight', 0.75), ('subsample', 1.0)])"
0.7283950617283949,0.6666666666666666,0.8070175438596491,0.7051282051282052,0.6692015209125476,0.7153458473507527,0.051370497350000696,96,0.22812352180480958,0.01591456634785772,0.003124904632568359,0.006249809265136718,1.0,10.0,10.0,32,10,444,0.001,10.0,0.75,0.89133466708948,"OrderedDict([('colsample_bytree', 1.0), ('gamma', 10.0), ('learning_rate', 10.0), ('max_depth', 32), ('min_child_weight', 10), ('n_estimators', 444), ('reg_alpha', 0.001), ('reg_lambda', 10.0), ('scale_pos_weight', 0.75), ('subsample', 0.89133466708948)])"
0.28301886792452824,0.8297872340425532,0.8323699421965318,0.7415730337078651,0.8025477707006369,0.697690346861371,0.2101856299743181,97,0.05937294960021973,0.006249570862020089,0.0,0.0,0.8879893715146321,10.0,10.0,32,5,100,0.001,10.0,0.75,1.0,"OrderedDict([('colsample_bytree', 0.8879893715146321), ('gamma', 10.0), ('learning_rate', 10.0), ('max_depth', 32), ('min_child_weight', 5), ('n_estimators', 100), ('reg_alpha', 0.001), ('reg_lambda', 10.0), ('scale_pos_weight', 0.75), ('subsample', 1.0)])"
0.8461538461538463,0.9497206703910613,0.9273743016759776,0.8913043478260869,0.9555555555555557,0.9140003133242178,0.040757906264207375,26,1.058345127105713,0.04273805194242053,0.005596542358398437,0.001355608387064224,0.9817301189313061,0.0015381414267926965,0.08487282071120247,4,4,958,0.3628609089570623,0.9569374179845936,0.7754776619563812,0.8614540269561037,"OrderedDict([('colsample_bytree', 0.9817301189313061), ('gamma', 0.0015381414267926965), ('learning_rate', 0.08487282071120247), ('max_depth', 4), ('min_child_weight', 4), ('n_estimators', 958), ('reg_alpha', 0.3628609089570623), ('reg_lambda', 0.9569374179845936), ('scale_pos_weight', 0.7754776619563812), ('subsample', 0.8614540269561037)])"
0.7555555555555555,0.8379888268156425,0.8235294117647058,0.736842105263158,0.7924528301886792,0.7893298422232239,0.038584802152257784,92,0.901242733001709,0.0334835297841944,0.003597402572631836,0.0004893174250607499,0.75,0.0001,1e-06,2,10,1000,0.001,0.001,0.75,1.0,"OrderedDict([('colsample_bytree', 0.75), ('gamma', 0.0001), ('learning_rate', 1e-06), ('max_depth', 2), ('min_child_weight', 10), ('n_estimators', 1000), ('reg_alpha', 0.001), ('reg_lambda', 0.001), ('scale_pos_weight', 0.75), ('subsample', 1.0)])"
0.8474576271186441,0.9550561797752809,0.9152542372881356,0.8804347826086957,0.9289617486338798,0.9054345885461199,0.037704195862326276,33,0.913035249710083,0.024230281015159456,0.0037977218627929686,0.00039992345250715414,0.9621489249515961,0.00026662966750993274,0.05436279777071239,2,6,1000,0.9547349551613944,0.22304897751538058,0.7687627106316729,0.8916551065725302,"OrderedDict([('colsample_bytree', 0.9621489249515961), ('gamma', 0.00026662966750993274), ('learning_rate', 0.05436279777071239), ('max_depth', 2), ('min_child_weight', 6), ('n_estimators', 1000), ('reg_alpha', 0.9547349551613944), ('reg_lambda', 0.22304897751538058), ('scale_pos_weight', 0.7687627106316729), ('subsample', 0.8916551065725302)])"
0.7765957446808511,0.8253968253968254,0.8148148148148149,0.7344632768361581,0.8633879781420765,0.8029408534877785,0.04394747702127592,85,0.904840612411499,0.04166153736903612,0.004197168350219727,0.0007480613587155137,0.75,10.0,1e-06,2,10,1000,10.0,10.0,1.0,1.0,"OrderedDict([('colsample_bytree', 0.75), ('gamma', 10.0), ('learning_rate', 1e-06), ('max_depth', 2), ('min_child_weight', 10), ('n_estimators', 1000), ('reg_alpha', 10.0), ('reg_lambda', 10.0), ('scale_pos_weight', 1.0), ('subsample', 1.0)])"
0.8070175438596491,0.9444444444444444,0.9090909090909091,0.888888888888889,0.9444444444444444,0.8987364957572367,0.05061953069646067,39,0.8849085807800293,0.053277031028128745,0.003397846221923828,0.0018535351881409968,0.8696951183835658,0.003741960531699697,0.03595261694746644,2,3,1000,0.8665359176672756,0.9108504829361114,0.7787594629997427,1.0,"OrderedDict([('colsample_bytree', 0.8696951183835658), ('gamma', 0.003741960531699697), ('learning_rate', 0.03595261694746644), ('max_depth', 2), ('min_child_weight', 3), ('n_estimators', 1000), ('reg_alpha', 0.8665359176672756), ('reg_lambda', 0.9108504829361114), ('scale_pos_weight', 0.7787594629997427), ('subsample', 1.0)])"
0.8461538461538463,0.9491525423728814,0.9090909090909091,0.8913043478260869,0.9230769230769231,0.9037478892810146,0.034485269037860575,34,0.8871101379394531,0.04738224434466402,0.008686685562133789,0.00570666957744714,0.75,0.6507287655164289,0.17298979639367218,17,10,1000,0.001,0.010393741474856796,0.8380339486202508,1.0,"OrderedDict([('colsample_bytree', 0.75), ('gamma', 0.6507287655164289), ('learning_rate', 0.17298979639367218), ('max_depth', 17), ('min_child_weight', 10), ('n_estimators', 1000), ('reg_alpha', 0.001), ('reg_lambda', 0.010393741474856796), ('scale_pos_weight', 0.8380339486202508), ('subsample', 1.0)])"
0.7931034482758621,0.8770053475935828,0.8540540540540541,0.8172043010752689,0.8813559322033898,0.8445338296244886,0.0343346393875572,74,2.7785967350006104,0.11591076023772104,0.006249904632568359,0.0076545386587916235,0.75,10.0,1e-06,32,5,1000,0.001,0.006542454962400011,1.0,1.0,"OrderedDict([('colsample_bytree', 0.75), ('gamma', 10.0), ('learning_rate', 1e-06), ('max_depth', 32), ('min_child_weight', 5), ('n_estimators', 1000), ('reg_alpha', 0.001), ('reg_lambda', 0.006542454962400011), ('scale_pos_weight', 1.0), ('subsample', 1.0)])"
0.8474576271186441,0.9325842696629215,0.9162011173184357,0.8961748633879782,0.9222222222222224,0.9029137362908717,0.030194333978190373,35,0.9074939727783203,0.03679301829692611,0.003349971771240234,0.006152844285587477,0.8292766416392819,0.5411424271452359,0.35516581020009064,16,10,1000,0.7102868778435178,0.33561670655774273,0.8024705336784161,1.0,"OrderedDict([('colsample_bytree', 0.8292766416392819), ('gamma', 0.5411424271452359), ('learning_rate', 0.35516581020009064), ('max_depth', 16), ('min_child_weight', 10), ('n_estimators', 1000), ('reg_alpha', 0.7102868778435178), ('reg_lambda', 0.33561670655774273), ('scale_pos_weight', 0.8024705336784161), ('subsample', 1.0)])"
0.6976744186046511,0.6692307692307692,0.6867469879518072,0.7272727272727273,0.4552845528455285,0.6473693701130374,0.09767572760195903,98,0.500164270401001,0.0075246559527950155,0.0005996227264404297,0.0011992454528808594,0.8792609598947353,10.0,10.0,32,1,1000,10.0,1.4167748757292646,0.8532931430062223,0.9892142889254598,"OrderedDict([('colsample_bytree', 0.8792609598947353), ('gamma', 10.0), ('learning_rate', 10.0), ('max_depth', 32), ('min_child_weight', 1), ('n_estimators', 1000), ('reg_alpha', 10.0), ('reg_lambda', 1.4167748757292646), ('scale_pos_weight', 0.8532931430062223), ('subsample', 0.9892142889254598)])"
0.7032967032967034,0.06837606837606837,0.6878980891719745,0.736842105263158,0.6558704453441295,0.5701698950625861,0.25259826869373747,99,0.4606966972351074,0.024046709082904426,0.003724527359008789,0.006062539936769892,0.9984802813716067,10.0,10.0,2,3,1000,10.0,10.0,0.8539909421192146,0.9293340803226591,"OrderedDict([('colsample_bytree', 0.9984802813716067), ('gamma', 10.0), ('learning_rate', 10.0), ('max_depth', 2), ('min_child_weight', 3), ('n_estimators', 1000), ('reg_alpha', 10.0), ('reg_lambda', 10.0), ('scale_pos_weight', 0.8539909421192146), ('subsample', 0.9293340803226591)])"
0.7861271676300577,0.8926553672316383,0.875,0.7857142857142857,0.9204545454545455,0.8519877808544465,0.05582963167843012,72,0.35364723205566406,0.028267408688991386,0.006249856948852539,0.00765448024540954,0.75,0.0001,1e-06,32,1,100,0.001,10.0,0.75,1.0,"OrderedDict([('colsample_bytree', 0.75), ('gamma', 0.0001), ('learning_rate', 1e-06), ('max_depth', 32), ('min_child_weight', 1), ('n_estimators', 100), ('reg_alpha', 0.001), ('reg_lambda', 10.0), ('scale_pos_weight', 0.75), ('subsample', 1.0)])"
0.8715083798882681,0.9497206703910613,0.9281767955801105,0.901098901098901,0.945054945054945,0.9191029065469071,0.02928053461900169,24,0.31200809478759767,0.006250000014551916,0.006249761581420899,0.007654363444636746,0.75,0.0002553554430738362,0.5331355168113694,7,5,389,0.24765163361410406,0.06167509512925861,0.75,1.0,"OrderedDict([('colsample_bytree', 0.75), ('gamma', 0.0002553554430738362), ('learning_rate', 0.5331355168113694), ('max_depth', 7), ('min_child_weight', 5), ('n_estimators', 389), ('reg_alpha', 0.24765163361410406), ('reg_lambda', 0.06167509512925861), ('scale_pos_weight', 0.75), ('subsample', 1.0)])"
0.7906976744186046,0.8850574712643678,0.8715083798882681,0.8047337278106508,0.912280701754386,0.8528427171690429,0.04709039797500511,71,0.3828409194946289,0.008983635327082268,0.006848812103271484,0.00724740215820125,0.75,10.0,0.11418664452116645,23,1,100,0.10065079410083373,0.001,0.75,0.75,"OrderedDict([('colsample_bytree', 0.75), ('gamma', 10.0), ('learning_rate', 0.11418664452116645), ('max_depth', 23), ('min_child_weight', 1), ('n_estimators', 100), ('reg_alpha', 0.10065079410083373), ('reg_lambda', 0.001), ('scale_pos_weight', 0.75), ('subsample', 0.75)])"
0.8295454545454547,0.8813559322033898,0.8826815642458101,0.8248587570621468,0.8926553672316383,0.8622273019663684,0.028882328397244486,67,0.10232157707214355,0.007148178561717766,0.0,0.0,0.75,0.0004058788580280248,0.1325602505833969,2,3,100,5.637611105574882,0.025923509474440685,0.7686965126326645,0.7757215243810297,"OrderedDict([('colsample_bytree', 0.75), ('gamma', 0.0004058788580280248), ('learning_rate', 0.1325602505833969), ('max_depth', 2), ('min_child_weight', 3), ('n_estimators', 100), ('reg_alpha', 5.637611105574882), ('reg_lambda', 0.025923509474440685), ('scale_pos_weight', 0.7686965126326645), ('subsample', 0.7757215243810297)])"
0.8938547486033518,0.9555555555555557,0.9385474860335197,0.9120879120879121,0.9560439560439561,0.9312114441878635,0.024599324910998283,8,0.16874361038208008,0.006248831836972465,0.009376001358032227,0.007655473056062149,0.9238909773421677,0.09004006816028845,0.3728969348690564,22,1,100,0.5870240597718204,0.001,0.7778540822392674,0.75,"OrderedDict([('colsample_bytree', 0.9238909773421677), ('gamma', 0.09004006816028845), ('learning_rate', 0.3728969348690564), ('max_depth', 22), ('min_child_weight', 1), ('n_estimators', 100), ('reg_alpha', 0.5870240597718204), ('reg_lambda', 0.001), ('scale_pos_weight', 0.7778540822392674), ('subsample', 0.75)])"
0.8072289156626505,0.8950276243093922,0.907103825136612,0.9120879120879121,0.9130434782608695,0.8868398833373121,0.040374905445165574,52,0.7029646396636963,0.04101378310599083,0.0035979747772216797,0.0004897846513118331,1.0,0.012860036712265713,1.311788142757126,12,6,1000,0.04194099288653457,0.001,0.7576631951042369,0.8058287449442147,"OrderedDict([('colsample_bytree', 1.0), ('gamma', 0.012860036712265713), ('learning_rate', 1.311788142757126), ('max_depth', 12), ('min_child_weight', 6), ('n_estimators', 1000), ('reg_alpha', 0.04194099288653457), ('reg_lambda', 0.001), ('scale_pos_weight', 0.7576631951042369), ('subsample', 0.8058287449442147)])"
0.8214285714285715,0.9720670391061453,0.9230769230769231,0.8961748633879782,0.9340659340659342,0.9093495506492977,0.0503205962572837,29,0.5024890899658203,0.015448853722505502,0.003797435760498047,0.0007475380950140708,1.0,0.0004081583085033754,0.5793261097739748,12,4,463,0.07728371365884572,0.001,0.7716307616987804,0.796907313401005,"OrderedDict([('colsample_bytree', 1.0), ('gamma', 0.0004081583085033754), ('learning_rate', 0.5793261097739748), ('max_depth', 12), ('min_child_weight', 4), ('n_estimators', 463), ('reg_alpha', 0.07728371365884572), ('reg_lambda', 0.001), ('scale_pos_weight', 0.7716307616987804), ('subsample', 0.796907313401005)])"
0.7904191616766467,0.9608938547486033,0.9101123595505618,0.8961748633879782,0.9230769230769231,0.8961047025092262,0.05713799740172122,42,0.8522725582122803,0.025638697728514123,0.0039975643157958984,0.0006321081318190529,1.0,0.00340633786200511,0.7143209484987535,22,8,905,0.09544707266353872,0.0013749527183087823,0.788459077626314,0.9955532947846601,"OrderedDict([('colsample_bytree', 1.0), ('gamma', 0.00340633786200511), ('learning_rate', 0.7143209484987535), ('max_depth', 22), ('min_child_weight', 8), ('n_estimators', 905), ('reg_alpha', 0.09544707266353872), ('reg_lambda', 0.0013749527183087823), ('scale_pos_weight', 0.788459077626314), ('subsample', 0.9955532947846601)])"
0.8022598870056498,0.9010989010989012,0.8852459016393441,0.8379888268156424,0.9371428571428572,0.8727135194620307,0.04749451495920127,61,0.4958932399749756,0.023963293300483343,0.0033980369567871093,0.000489609432765393,0.75,0.00012245555666485055,0.00014454561501651126,32,1,100,0.001,10.0,1.0,0.9614560124012702,"OrderedDict([('colsample_bytree', 0.75), ('gamma', 0.00012245555666485055), ('learning_rate', 0.00014454561501651126), ('max_depth', 32), ('min_child_weight', 1), ('n_estimators', 100), ('reg_alpha', 0.001), ('reg_lambda', 10.0), ('scale_pos_weight', 1.0), ('subsample', 0.9614560124012702)])"
0.7555555555555555,0.8379888268156425,0.7976878612716763,0.7344632768361581,0.8214285714285715,0.7894509662044118,0.039021007938849835,91,0.9821925640106202,0.02239512682834088,0.0035976409912109376,0.0004895121317013901,1.0,0.0007749808841738509,0.00037060145590023637,2,5,720,0.001,10.0,0.7734875465829782,0.9740431347163474,"OrderedDict([('colsample_bytree', 1.0), ('gamma', 0.0007749808841738509), ('learning_rate', 0.00037060145590023637), ('max_depth', 2), ('min_child_weight', 5), ('n_estimators', 720), ('reg_alpha', 0.001), ('reg_lambda', 10.0), ('scale_pos_weight', 0.7734875465829782), ('subsample', 0.9740431347163474)])"
0.8571428571428571,0.9281767955801105,0.9222222222222224,0.88268156424581,0.9239130434782609,0.9028262259021251,0.028144116177633165,36,0.16929450035095214,0.018798787422893752,0.003997516632080078,0.0008937759349226676,0.9520332929720736,0.16765588077744067,0.6496718892216388,27,1,100,4.112780422638912,0.0010858595560321175,0.7997187855766639,0.90097356985222,"OrderedDict([('colsample_bytree', 0.9520332929720736), ('gamma', 0.16765588077744067), ('learning_rate', 0.6496718892216388), ('max_depth', 27), ('min_child_weight', 1), ('n_estimators', 100), ('reg_alpha', 4.112780422638912), ('reg_lambda', 0.0010858595560321175), ('scale_pos_weight', 0.7997187855766639), ('subsample', 0.90097356985222)])"
0.8633879781420765,0.9281767955801105,0.9265536723163842,0.9060773480662984,0.945054945054945,0.9138234599077518,0.028108067458657775,27,4.260166215896606,0.19603646538682298,0.007995271682739257,0.0018961484222592435,0.75,0.1739591528711702,0.007181074589484074,22,1,1000,0.03931706436841667,10.0,1.0,1.0,"OrderedDict([('colsample_bytree', 0.75), ('gamma', 0.1739591528711702), ('learning_rate', 0.007181074589484074), ('max_depth', 22), ('min_child_weight', 1), ('n_estimators', 1000), ('reg_alpha', 0.03931706436841667), ('reg_lambda', 10.0), ('scale_pos_weight', 1.0), ('subsample', 1.0)])"
0.7666666666666666,0.8297872340425532,0.808743169398907,0.7428571428571429,0.8457142857142856,0.7987638773793057,0.038493438755689884,87,0.2198639392852783,0.04942250740306505,0.003797626495361328,0.0007477803066575634,0.75,1.0017145150319824,0.010265478014529277,2,4,100,0.0024193151662107405,5.719912196847709,1.0,1.0,"OrderedDict([('colsample_bytree', 0.75), ('gamma', 1.0017145150319824), ('learning_rate', 0.010265478014529277), ('max_depth', 2), ('min_child_weight', 4), ('n_estimators', 100), ('reg_alpha', 0.0024193151662107405), ('reg_lambda', 5.719912196847709), ('scale_pos_weight', 1.0), ('subsample', 1.0)])"
0.8,0.8715083798882681,0.8603351955307262,0.7745664739884394,0.8813559322033898,0.8375750459650491,0.04232051597174715,75,2.947781038284302,0.683562907973152,0.006249856948852539,0.007654480248380004,0.75,10.0,0.006783227931442034,10,1,721,0.10512595418107122,10.0,1.0,1.0,"OrderedDict([('colsample_bytree', 0.75), ('gamma', 10.0), ('learning_rate', 0.006783227931442034), ('max_depth', 10), ('min_child_weight', 1), ('n_estimators', 721), ('reg_alpha', 0.10512595418107122), ('reg_lambda', 10.0), ('scale_pos_weight', 1.0), ('subsample', 1.0)])"
0.8602150537634408,0.9162011173184357,0.9050279329608938,0.850828729281768,0.9213483146067416,0.890734789284757,0.029357740030762018,49,2.09041109085083,0.25005554890035203,0.007048988342285156,0.007151686384257435,1.0,0.0003561674956603719,0.014348775658288354,32,1,1000,10.0,0.001,1.0,0.796820620614859,"OrderedDict([('colsample_bytree', 1.0), ('gamma', 0.0003561674956603719), ('learning_rate', 0.014348775658288354), ('max_depth', 32), ('min_child_weight', 1), ('n_estimators', 1000), ('reg_alpha', 10.0), ('reg_lambda', 0.001), ('scale_pos_weight', 1.0), ('subsample', 0.796820620614859)])"
0.8777777777777778,0.945054945054945,0.9550561797752809,0.9180327868852458,0.9502762430939227,0.9292283907805958,0.028772388934553948,10,3.479946184158325,0.14527917392835943,0.012499475479125976,0.006249737754797664,0.886886611134877,0.0001,0.007606238064530685,32,1,1000,0.001,1.9996344245749504,0.9215311959446156,1.0,"OrderedDict([('colsample_bytree', 0.886886611134877), ('gamma', 0.0001), ('learning_rate', 0.007606238064530685), ('max_depth', 32), ('min_child_weight', 1), ('n_estimators', 1000), ('reg_alpha', 0.001), ('reg_lambda', 1.9996344245749504), ('scale_pos_weight', 0.9215311959446156), ('subsample', 1.0)])"
0.8777777777777778,0.9289617486338798,0.9333333333333332,0.9120879120879121,0.9502762430939227,0.9204630415397943,0.024577589622724206,22,2.9913954734802246,0.08839953394676554,0.008029413223266602,0.007195639116045566,0.75,0.002316205100571837,0.004817149726103958,30,2,1000,0.0018876039819206816,0.1814652582296436,0.9412967048366611,0.9453987130145214,"OrderedDict([('colsample_bytree', 0.75), ('gamma', 0.002316205100571837), ('learning_rate', 0.004817149726103958), ('max_depth', 30), ('min_child_weight', 2), ('n_estimators', 1000), ('reg_alpha', 0.0018876039819206816), ('reg_lambda', 0.1814652582296436), ('scale_pos_weight', 0.9412967048366611), ('subsample', 0.9453987130145214)])"
0.8636363636363636,0.9508196721311476,0.9273743016759776,0.8983957219251336,0.9555555555555557,0.919138511331634,0.034385849746499296,23,0.8557644844055176,0.014027641553256682,0.0048389434814453125,0.0057261481501184154,0.9987609058332515,0.00023610659634521757,0.11252603774418286,12,3,753,0.002614050769632545,0.001,0.7995359069212774,1.0,"OrderedDict([('colsample_bytree', 0.9987609058332515), ('gamma', 0.00023610659634521757), ('learning_rate', 0.11252603774418286), ('max_depth', 12), ('min_child_weight', 3), ('n_estimators', 753), ('reg_alpha', 0.002614050769632545), ('reg_lambda', 0.001), ('scale_pos_weight', 0.7995359069212774), ('subsample', 1.0)])"
0.75,0.8444444444444444,0.8208092485549133,0.7305389221556886,0.834355828220859,0.7960606278858574,0.04653292684045464,88,0.3019824981689453,0.010102401055963621,0.0031247615814208986,0.006249523162841797,0.75,10.0,3.350188039658584e-06,32,1,100,0.001,10.0,0.8658736239518137,0.75,"OrderedDict([('colsample_bytree', 0.75), ('gamma', 10.0), ('learning_rate', 3.350188039658584e-06), ('max_depth', 32), ('min_child_weight', 1), ('n_estimators', 100), ('reg_alpha', 0.001), ('reg_lambda', 10.0), ('scale_pos_weight', 0.8658736239518137), ('subsample', 0.75)])"
0.8426966292134833,0.9502762430939227,0.9230769230769231,0.8961748633879782,0.9289617486338798,0.9082274158217165,0.037068635936815045,30,0.5911738872528076,0.02119421172258551,0.0063344001770019535,0.007759164023753661,0.7565139615541538,0.0001,0.13596745756248396,23,6,687,0.043903011067230144,0.001,0.8284407191696997,0.75,"OrderedDict([('colsample_bytree', 0.7565139615541538), ('gamma', 0.0001), ('learning_rate', 0.13596745756248396), ('max_depth', 23), ('min_child_weight', 6), ('n_estimators', 687), ('reg_alpha', 0.043903011067230144), ('reg_lambda', 0.001), ('scale_pos_weight', 0.8284407191696997), ('subsample', 0.75)])"
0.7999999999999999,0.870967741935484,0.8554913294797689,0.87292817679558,0.8837209302325582,0.8565721985182331,0.029724460386996606,70,0.6006547451019287,0.03217222318575162,0.009374713897705078,0.007654421850592808,1.0,0.0001,1e-06,32,1,100,0.06026334989597297,0.008023756454109961,1.0,1.0,"OrderedDict([('colsample_bytree', 1.0), ('gamma', 0.0001), ('learning_rate', 1e-06), ('max_depth', 32), ('min_child_weight', 1), ('n_estimators', 100), ('reg_alpha', 0.06026334989597297), ('reg_lambda', 0.008023756454109961), ('scale_pos_weight', 1.0), ('subsample', 1.0)])"
0.8587570621468926,0.9101123595505618,0.9050279329608938,0.8839779005524862,0.9281767955801105,0.8971902121219519,0.023833841895566504,41,1.5486404418945312,0.050965736988744285,0.0,0.0,1.0,0.0001,0.012956903094945084,15,10,1000,0.001,0.004741556696413081,0.872650836060624,0.9915248789292924,"OrderedDict([('colsample_bytree', 1.0), ('gamma', 0.0001), ('learning_rate', 0.012956903094945084), ('max_depth', 15), ('min_child_weight', 10), ('n_estimators', 1000), ('reg_alpha', 0.001), ('reg_lambda', 0.004741556696413081), ('scale_pos_weight', 0.872650836060624), ('subsample', 0.9915248789292924)])"
0.7914438502673797,0.8253968253968254,0.8449197860962567,0.72,0.8633879781420765,0.8090691770440828,0.05042502341421331,81,0.22051172256469725,0.01581685033608507,0.0037253379821777345,0.0060640318641250026,1.0,10.0,3.1426492875766096e-06,19,7,100,0.0024193385561465074,10.0,1.0,0.8537396655430369,"OrderedDict([('colsample_bytree', 1.0), ('gamma', 10.0), ('learning_rate', 3.1426492875766096e-06), ('max_depth', 19), ('min_child_weight', 7), ('n_estimators', 100), ('reg_alpha', 0.0024193385561465074), ('reg_lambda', 10.0), ('scale_pos_weight', 1.0), ('subsample', 0.8537396655430369)])"
0.8117647058823529,0.8924731182795699,0.8839779005524862,0.8666666666666666,0.9273743016759776,0.8764044840657161,0.03791475124474847,60,0.331325626373291,0.009945149685069871,0.012499380111694335,0.0062496900601674826,0.8143381396566214,0.08518819446150468,1.0170670563868928e-06,20,3,100,0.001,0.06671498120632265,1.0,0.881898427084168,"OrderedDict([('colsample_bytree', 0.8143381396566214), ('gamma', 0.08518819446150468), ('learning_rate', 1.0170670563868928e-06), ('max_depth', 20), ('min_child_weight', 3), ('n_estimators', 100), ('reg_alpha', 0.001), ('reg_lambda', 0.06671498120632265), ('scale_pos_weight', 1.0), ('subsample', 0.881898427084168)])"
0.7840909090909092,0.853932584269663,0.8409090909090909,0.736196319018405,0.8681318681318682,0.8166851567001804,0.049269685119507925,80,0.18817319869995117,0.022891508805904,0.006849813461303711,0.0072485314014976935,0.9127734589625829,1.8572733143142361,5.1405207655650955e-05,32,10,100,0.001,0.001,0.75,1.0,"OrderedDict([('colsample_bytree', 0.9127734589625829), ('gamma', 1.8572733143142361), ('learning_rate', 5.1405207655650955e-05), ('max_depth', 32), ('min_child_weight', 10), ('n_estimators', 100), ('reg_alpha', 0.001), ('reg_lambda', 0.001), ('scale_pos_weight', 0.75), ('subsample', 1.0)])"
0.8555555555555556,0.9281767955801105,0.9318181818181818,0.8950276243093922,0.9385474860335197,0.9098092689178665,0.0310309978960294,28,1.1295004844665528,0.1831395084425438,0.0033983230590820313,0.0004898626964086553,0.75,0.005092811642809064,0.13838236537354237,12,1,1000,3.591549982871424,6.114873658747762,0.8132985994116564,1.0,"OrderedDict([('colsample_bytree', 0.75), ('gamma', 0.005092811642809064), ('learning_rate', 0.13838236537354237), ('max_depth', 12), ('min_child_weight', 1), ('n_estimators', 1000), ('reg_alpha', 3.591549982871424), ('reg_lambda', 6.114873658747762), ('scale_pos_weight', 0.8132985994116564), ('subsample', 1.0)])"
0.8369565217391305,0.9152542372881356,0.9090909090909091,0.8421052631578947,0.9142857142857144,0.8835507000471872,0.03602894178037541,56,1.4031320571899415,0.03897864887708396,0.0041977882385253905,0.0003998519802667426,0.75,0.008470840595009419,0.025135672622048102,32,1,1000,10.0,0.0069705176680927095,0.8753357557638111,1.0,"OrderedDict([('colsample_bytree', 0.75), ('gamma', 0.008470840595009419), ('learning_rate', 0.025135672622048102), ('max_depth', 32), ('min_child_weight', 1), ('n_estimators', 1000), ('reg_alpha', 10.0), ('reg_lambda', 0.0069705176680927095), ('scale_pos_weight', 0.8753357557638111), ('subsample', 1.0)])"
0.7701149425287357,0.8297872340425532,0.824858757062147,0.735632183908046,0.8654970760233919,0.805188547616727,0.0462027703625335,84,1.2402327537536622,0.02212248504808991,0.0035978317260742187,0.0004898625339533384,0.75,0.0001,0.0010952714641282986,2,1,1000,0.09230101644688737,0.05503224705901908,1.0,1.0,"OrderedDict([('colsample_bytree', 0.75), ('gamma', 0.0001), ('learning_rate', 0.0010952714641282986), ('max_depth', 2), ('min_child_weight', 1), ('n_estimators', 1000), ('reg_alpha', 0.09230101644688737), ('reg_lambda', 0.05503224705901908), ('scale_pos_weight', 1.0), ('subsample', 1.0)])"
0.8571428571428572,0.9662921348314608,0.9444444444444444,0.9289617486338797,0.9608938547486033,0.9315165277922969,0.03947210515509405,7,1.0637420654296874,0.02997892605371754,0.0035979747772216797,0.0004893952844906361,0.75,0.00016983140457580676,0.24515943476312876,25,1,1000,0.32030586654405996,0.1735631701269849,0.802989950134833,0.9398271482383583,"OrderedDict([('colsample_bytree', 0.75), ('gamma', 0.00016983140457580676), ('learning_rate', 0.24515943476312876), ('max_depth', 25), ('min_child_weight', 1), ('n_estimators', 1000), ('reg_alpha', 0.32030586654405996), ('reg_lambda', 0.1735631701269849), ('scale_pos_weight', 0.802989950134833), ('subsample', 0.9398271482383583)])"
0.8287292817679558,0.8743169398907102,0.8852459016393441,0.8379888268156424,0.9213483146067416,0.8695027488033793,0.03348556540665883,63,3.924890327453613,0.10283894278640654,0.0055963993072509766,0.002868723999210265,0.75,0.01108282288061167,0.0006888416429289234,32,1,1000,5.294754238218574,0.005109945831916204,1.0,0.8381875618026912,"OrderedDict([('colsample_bytree', 0.75), ('gamma', 0.01108282288061167), ('learning_rate', 0.0006888416429289234), ('max_depth', 32), ('min_child_weight', 1), ('n_estimators', 1000), ('reg_alpha', 5.294754238218574), ('reg_lambda', 0.005109945831916204), ('scale_pos_weight', 1.0), ('subsample', 0.8381875618026912)])"
0.8089887640449439,0.8961748633879781,0.8901098901098901,0.8852459016393444,0.9222222222222224,0.8804955133978463,0.038004130303016234,57,1.5438452243804932,0.09514534019638636,0.004597282409667969,0.000489570561103893,0.7899452272302333,0.3595652701823933,0.00480476754281982,32,1,324,0.001,10.0,0.9731519210502898,1.0,"OrderedDict([('colsample_bytree', 0.7899452272302333), ('gamma', 0.3595652701823933), ('learning_rate', 0.00480476754281982), ('max_depth', 32), ('min_child_weight', 1), ('n_estimators', 324), ('reg_alpha', 0.001), ('reg_lambda', 10.0), ('scale_pos_weight', 0.9731519210502898), ('subsample', 1.0)])"
0.8342857142857142,0.9560439560439561,0.9281767955801105,0.8877005347593583,0.9289617486338798,0.9070307945261253,0.04245359984497603,32,1.0519497871398926,0.012314601166932412,0.003997421264648438,0.0006318065823193426,0.9302521400571668,0.0001,0.2640344201355039,13,4,1000,0.001,0.029921396409296662,0.7935742181593509,0.8981826557178414,"OrderedDict([('colsample_bytree', 0.9302521400571668), ('gamma', 0.0001), ('learning_rate', 0.2640344201355039), ('max_depth', 13), ('min_child_weight', 4), ('n_estimators', 1000), ('reg_alpha', 0.001), ('reg_lambda', 0.029921396409296662), ('scale_pos_weight', 0.7935742181593509), ('subsample', 0.8981826557178414)])"
0.8491620111731844,0.9010989010989012,0.8999999999999999,0.8743169398907105,0.8999999999999999,0.8849104613220516,0.020545041018107186,54,1.397735595703125,0.023108152218461648,0.00439763069152832,0.0004900770069635432,0.8191002216595458,0.0001,0.007758539932490306,32,10,639,0.2692126783366428,0.002991137239683478,1.0,1.0,"OrderedDict([('colsample_bytree', 0.8191002216595458), ('gamma', 0.0001), ('learning_rate', 0.007758539932490306), ('max_depth', 32), ('min_child_weight', 10), ('n_estimators', 639), ('reg_alpha', 0.2692126783366428), ('reg_lambda', 0.002991137239683478), ('scale_pos_weight', 1.0), ('subsample', 1.0)])"
0.797752808988764,0.8839779005524862,0.8633879781420765,0.839779005524862,0.8999999999999999,0.8569501309784924,0.035851942645208336,69,1.7784997940063476,0.06048559147377528,0.004597949981689453,0.0008005144910241581,0.8495933967457595,0.0001,1e-06,24,5,557,0.0010394652567809362,0.032085300136759476,0.9259423362262373,0.935676882761677,"OrderedDict([('colsample_bytree', 0.8495933967457595), ('gamma', 0.0001), ('learning_rate', 1e-06), ('max_depth', 24), ('min_child_weight', 5), ('n_estimators', 557), ('reg_alpha', 0.0010394652567809362), ('reg_lambda', 0.032085300136759476), ('scale_pos_weight', 0.9259423362262373), ('subsample', 0.935676882761677)])"
0.7931034482758621,0.8988764044943819,0.888888888888889,0.8361581920903955,0.9371428571428572,0.8707979295533332,0.0504991661723398,62,3.1414222717285156,0.12193589872980741,0.0037971973419189454,0.003247023325885788,0.7754147939951371,0.0001,1.9536724960091654e-05,32,1,877,0.001,7.648799482027586,0.871487249125091,1.0,"OrderedDict([('colsample_bytree', 0.7754147939951371), ('gamma', 0.0001), ('learning_rate', 1.9536724960091654e-05), ('max_depth', 32), ('min_child_weight', 1), ('n_estimators', 877), ('reg_alpha', 0.001), ('reg_lambda', 7.648799482027586), ('scale_pos_weight', 0.871487249125091), ('subsample', 1.0)])"
0.7577639751552796,0.9613259668508287,0.9213483146067416,0.8864864864864864,0.9273743016759776,0.8908232016996501,0.07072639671823938,48,0.664988374710083,0.02556987878092,0.003397560119628906,0.0004897069234339744,0.75,0.0031158828675381597,0.5156936320055321,22,8,826,0.0014325852622206546,0.001,0.770426866779667,0.9100312657239775,"OrderedDict([('colsample_bytree', 0.75), ('gamma', 0.0031158828675381597), ('learning_rate', 0.5156936320055321), ('max_depth', 22), ('min_child_weight', 8), ('n_estimators', 826), ('reg_alpha', 0.0014325852622206546), ('reg_lambda', 0.001), ('scale_pos_weight', 0.770426866779667), ('subsample', 0.9100312657239775)])"
0.8764044943820225,0.9608938547486033,0.9550561797752809,0.9120879120879121,0.9608938547486033,0.9330594604599428,0.03373123861857631,2,0.22965774536132813,0.011712701791119426,0.003198051452636719,0.0003996372365137937,0.75,0.0001,0.5849607394392898,32,1,100,0.024111233023303306,9.890048098518951,0.7662105660143023,0.9943586356795515,"OrderedDict([('colsample_bytree', 0.75), ('gamma', 0.0001), ('learning_rate', 0.5849607394392898), ('max_depth', 32), ('min_child_weight', 1), ('n_estimators', 100), ('reg_alpha', 0.024111233023303306), ('reg_lambda', 9.890048098518951), ('scale_pos_weight', 0.7662105660143023), ('subsample', 0.9943586356795515)])"
0.783625730994152,0.8826815642458101,0.8826815642458101,0.7976190476190476,0.9090909090909091,0.8511347171910459,0.050525974016475746,73,2.3935203552246094,0.09976031176687773,0.005396556854248047,0.0013554045300484508,0.75,0.3676061394290809,0.00018335349612377325,32,3,1000,0.003278300231131655,6.261426628748848,0.8547926736047117,0.8104610279562338,"OrderedDict([('colsample_bytree', 0.75), ('gamma', 0.3676061394290809), ('learning_rate', 0.00018335349612377325), ('max_depth', 32), ('min_child_weight', 3), ('n_estimators', 1000), ('reg_alpha', 0.003278300231131655), ('reg_lambda', 6.261426628748848), ('scale_pos_weight', 0.8547926736047117), ('subsample', 0.8104610279562338)])"
0.8255813953488372,0.9111111111111111,0.9050279329608938,0.8852459016393444,0.9378531073446328,0.8929215534285471,0.03766749053630007,46,3.995529794692993,0.180677511054603,0.0067959785461425785,0.0017192650334867498,0.75,0.0001,0.0008988171400683371,32,1,1000,0.0018480866706184827,3.8072206763382104,0.8463996342772359,1.0,"OrderedDict([('colsample_bytree', 0.75), ('gamma', 0.0001), ('learning_rate', 0.0008988171400683371), ('max_depth', 32), ('min_child_weight', 1), ('n_estimators', 1000), ('reg_alpha', 0.0018480866706184827), ('reg_lambda', 3.8072206763382104), ('scale_pos_weight', 0.8463996342772359), ('subsample', 1.0)])"
0.8287292817679558,0.888888888888889,0.8876404494382022,0.8023255813953488,0.9039548022598869,0.8623286836860985,0.039485620916647854,66,3.3585244178771974,0.11764932288626871,0.005795669555664062,0.00097892726139395,1.0,0.0010180705076230274,0.0021796356348844762,32,1,1000,4.3008159290442025,8.45401296456232,0.8858032062702976,0.7954891747011197,"OrderedDict([('colsample_bytree', 1.0), ('gamma', 0.0010180705076230274), ('learning_rate', 0.0021796356348844762), ('max_depth', 32), ('min_child_weight', 1), ('n_estimators', 1000), ('reg_alpha', 4.3008159290442025), ('reg_lambda', 8.45401296456232), ('scale_pos_weight', 0.8858032062702976), ('subsample', 0.7954891747011197)])"
0.8571428571428571,0.9555555555555557,0.9497206703910613,0.9130434782608695,0.9555555555555557,0.9261851817102755,0.03802433825060274,16,0.25164403915405276,0.014053859264755636,0.003997659683227539,0.0006319580550633119,0.8371993222016264,0.0015902625631990614,0.3950284940512983,28,1,100,0.6774671762032257,10.0,0.7668129198278807,0.8868347840610639,"OrderedDict([('colsample_bytree', 0.8371993222016264), ('gamma', 0.0015902625631990614), ('learning_rate', 0.3950284940512983), ('max_depth', 28), ('min_child_weight', 1), ('n_estimators', 100), ('reg_alpha', 0.6774671762032257), ('reg_lambda', 10.0), ('scale_pos_weight', 0.7668129198278807), ('subsample', 0.8868347840610639)])"
0.8095238095238095,0.8914285714285715,0.896551724137931,0.8352941176470587,0.8994082840236687,0.8664392286882372,0.03696325117540394,65,0.36157569885253904,0.012295225841889398,0.003397703170776367,0.0004895900298295808,0.8386520016497048,0.0001,1.1620954814578845,32,1,567,10.0,10.0,0.75,0.9290897510249965,"OrderedDict([('colsample_bytree', 0.8386520016497048), ('gamma', 0.0001), ('learning_rate', 1.1620954814578845), ('max_depth', 32), ('min_child_weight', 1), ('n_estimators', 567), ('reg_alpha', 10.0), ('reg_lambda', 10.0), ('scale_pos_weight', 0.75), ('subsample', 0.9290897510249965)])"
0.8022598870056498,0.9039548022598869,0.8999999999999999,0.8235294117647061,0.9176470588235294,0.8694757034893801,0.047053221050993424,64,0.10333542823791504,0.002330858374432386,0.003198051452636719,0.00039963729340880707,0.8515913339712178,0.0001,0.6102844656321055,29,1,100,10.0,5.763223374338353,0.7681255233465707,0.9502461262506188,"OrderedDict([('colsample_bytree', 0.8515913339712178), ('gamma', 0.0001), ('learning_rate', 0.6102844656321055), ('max_depth', 29), ('min_child_weight', 1), ('n_estimators', 100), ('reg_alpha', 10.0), ('reg_lambda', 5.763223374338353), ('scale_pos_weight', 0.7681255233465707), ('subsample', 0.9502461262506188)])"
0.7485380116959065,0.8700564971751412,0.8235294117647058,0.7151515151515151,0.8395061728395061,0.7994064982122111,0.05806318277328235,86,2.89181170463562,0.16443143423764398,0.005396699905395508,0.0007994890977334289,0.8567586073254694,0.00039815621934446624,1.054161824070479e-05,32,1,1000,10.0,0.24139067188223912,0.75,0.8039575977688898,"OrderedDict([('colsample_bytree', 0.8567586073254694), ('gamma', 0.00039815621934446624), ('learning_rate', 1.054161824070479e-05), ('max_depth', 32), ('min_child_weight', 1), ('n_estimators', 1000), ('reg_alpha', 10.0), ('reg_lambda', 0.24139067188223912), ('scale_pos_weight', 0.75), ('subsample', 0.8039575977688898)])"
0.8202247191011237,0.9162011173184357,0.9111111111111111,0.9318181818181818,0.96045197740113,0.9078744654086304,0.04713016162906073,31,0.1041348934173584,0.010061330619474193,0.002998208999633789,2.4314019744838644e-07,0.8233176478602754,0.0001,0.6193597894473941,32,1,100,3.912936522061411,0.001,0.75,0.9745195854341018,"OrderedDict([('colsample_bytree', 0.8233176478602754), ('gamma', 0.0001), ('learning_rate', 0.6193597894473941), ('max_depth', 32), ('min_child_weight', 1), ('n_estimators', 100), ('reg_alpha', 3.912936522061411), ('reg_lambda', 0.001), ('scale_pos_weight', 0.75), ('subsample', 0.9745195854341018)])"
0.8961748633879781,0.9456521739130435,0.9444444444444444,0.9120879120879121,0.9666666666666666,0.9329906971176005,0.025362523165865226,3,0.8018351554870605,0.034518540787446726,0.006936836242675781,0.006292927251425928,0.75,0.08472377019141797,0.031650638671566166,32,1,225,0.026783482316404317,0.001,0.8835049192195163,0.75,"OrderedDict([('colsample_bytree', 0.75), ('gamma', 0.08472377019141797), ('learning_rate', 0.031650638671566166), ('max_depth', 32), ('min_child_weight', 1), ('n_estimators', 225), ('reg_alpha', 0.026783482316404317), ('reg_lambda', 0.001), ('scale_pos_weight', 0.8835049192195163), ('subsample', 0.75)])"
0.8791208791208791,0.9613259668508287,0.9385474860335197,0.907103825136612,0.9720670391061453,0.9316149244594562,0.03442194669837481,6,0.8722374439239502,0.03778063403526245,0.0031250953674316407,0.006250190734863281,0.75,0.009642238502181958,0.08619130406560502,32,1,470,0.030934474773813368,0.001,0.8316905770388916,0.8339634225112014,"OrderedDict([('colsample_bytree', 0.75), ('gamma', 0.009642238502181958), ('learning_rate', 0.08619130406560502), ('max_depth', 32), ('min_child_weight', 1), ('n_estimators', 470), ('reg_alpha', 0.030934474773813368), ('reg_lambda', 0.001), ('scale_pos_weight', 0.8316905770388916), ('subsample', 0.8339634225112014)])"
0.8268156424581005,0.9101123595505618,0.8950276243093922,0.88268156424581,0.9050279329608938,0.883910423967142,0.03008371312473069,55,0.3494539260864258,0.026881218833262215,0.0,0.0,0.75,0.001994331913020128,0.03974750816858954,32,3,100,0.003952027159393703,10.0,0.8493545719380979,0.9734104913192217,"OrderedDict([('colsample_bytree', 0.75), ('gamma', 0.001994331913020128), ('learning_rate', 0.03974750816858954), ('max_depth', 32), ('min_child_weight', 3), ('n_estimators', 100), ('reg_alpha', 0.003952027159393703), ('reg_lambda', 10.0), ('scale_pos_weight', 0.8493545719380979), ('subsample', 0.9734104913192217)])"
0.8852459016393441,0.9508196721311476,0.9444444444444444,0.9130434782608695,0.9502762430939227,0.9287593558575369,0.02584423207150523,13,3.0002353191375732,0.12811069309582515,0.007274913787841797,0.007069378378825845,0.7573453578990255,0.013249364190891962,0.013954207536754021,32,1,1000,0.025263703388531455,0.001,0.9163979182105397,1.0,"OrderedDict([('colsample_bytree', 0.7573453578990255), ('gamma', 0.013249364190891962), ('learning_rate', 0.013954207536754021), ('max_depth', 32), ('min_child_weight', 1), ('n_estimators', 1000), ('reg_alpha', 0.025263703388531455), ('reg_lambda', 0.001), ('scale_pos_weight', 0.9163979182105397), ('subsample', 1.0)])"
0.8474576271186441,0.9204545454545455,0.9101123595505618,0.8587570621468928,0.9195402298850575,0.8912691842361862,0.03157015029973631,47,0.23852062225341797,0.0500654631268372,0.004383468627929687,0.005794643951567384,0.75,0.021815839739000014,0.08678671986398624,15,8,100,0.044185551179100446,0.002087143141412969,0.823930834042397,0.75,"OrderedDict([('colsample_bytree', 0.75), ('gamma', 0.021815839739000014), ('learning_rate', 0.08678671986398624), ('max_depth', 15), ('min_child_weight', 8), ('n_estimators', 100), ('reg_alpha', 0.044185551179100446), ('reg_lambda', 0.002087143141412969), ('scale_pos_weight', 0.823930834042397), ('subsample', 0.75)])"
0.8202247191011237,0.9142857142857144,0.8938547486033518,0.8491620111731845,0.9162011173184357,0.8787366964878212,0.03794100185304351,59,4.188266372680664,0.19712823826439627,0.0,0.0,1.0,10.0,0.042748365920600474,32,1,1000,0.1477150431814553,0.001,0.9163015127547702,0.75,"OrderedDict([('colsample_bytree', 1.0), ('gamma', 10.0), ('learning_rate', 0.042748365920600474), ('max_depth', 32), ('min_child_weight', 1), ('n_estimators', 1000), ('reg_alpha', 0.1477150431814553), ('reg_lambda', 0.001), ('scale_pos_weight', 0.9163015127547702), ('subsample', 0.75)])"
0.8913043478260869,0.9405405405405405,0.9438202247191012,0.9171270718232043,0.9662921348314608,0.9317943292342308,0.025554728374660385,4,1.6578906059265137,0.06999514378586628,0.003124904632568359,0.0062498092651367175,0.8312948167777794,0.1870083488437445,0.029601807035812704,32,1,1000,0.03232704064372533,0.001,0.9099312780801968,0.7563378458247377,"OrderedDict([('colsample_bytree', 0.8312948167777794), ('gamma', 0.1870083488437445), ('learning_rate', 0.029601807035812704), ('max_depth', 32), ('min_child_weight', 1), ('n_estimators', 1000), ('reg_alpha', 0.03232704064372533), ('reg_lambda', 0.001), ('scale_pos_weight', 0.9099312780801968), ('subsample', 0.7563378458247377)])"
0.7934782608695653,0.8369565217391305,0.8444444444444444,0.7441860465116279,0.875,0.8188340570625143,0.04544900147576899,78,2.9122763156890867,0.07894215344718356,0.0,0.0,0.75,10.0,0.022567727614206133,32,1,1000,10.0,0.0010371102277107814,1.0,0.8919768885671842,"OrderedDict([('colsample_bytree', 0.75), ('gamma', 10.0), ('learning_rate', 0.022567727614206133), ('max_depth', 32), ('min_child_weight', 1), ('n_estimators', 1000), ('reg_alpha', 10.0), ('reg_lambda', 0.0010371102277107814), ('scale_pos_weight', 1.0), ('subsample', 0.8919768885671842)])"
0.8852459016393441,0.9508196721311476,0.9444444444444444,0.908108108108108,0.945054945054945,0.9267349629947187,0.02569531924639778,14,1.1025153160095216,0.03620767847291262,0.0021988391876220704,0.0018320441776212035,0.8767710229134821,0.0001,0.09621681466902307,32,1,962,0.001,0.001,0.9199793698000133,0.9441378927993322,"OrderedDict([('colsample_bytree', 0.8767710229134821), ('gamma', 0.0001), ('learning_rate', 0.09621681466902307), ('max_depth', 32), ('min_child_weight', 1), ('n_estimators', 962), ('reg_alpha', 0.001), ('reg_lambda', 0.001), ('scale_pos_weight', 0.9199793698000133), ('subsample', 0.9441378927993322)])"
0.8950276243093922,0.9398907103825138,0.9444444444444444,0.9032258064516129,0.9502762430939227,0.9265725601349276,0.022796543245942928,15,1.516043519973755,0.18249995312544837,0.003198099136352539,0.0017193980313567618,0.7731654754312517,0.036036951218781886,0.04137519624151672,32,1,1000,0.01771120166096028,0.001,0.9274354125501768,0.9537788457842818,"OrderedDict([('colsample_bytree', 0.7731654754312517), ('gamma', 0.036036951218781886), ('learning_rate', 0.04137519624151672), ('max_depth', 32), ('min_child_weight', 1), ('n_estimators', 1000), ('reg_alpha', 0.01771120166096028), ('reg_lambda', 0.001), ('scale_pos_weight', 0.9274354125501768), ('subsample', 0.9537788457842818)])"
0.8813559322033898,0.9508196721311476,0.9333333333333332,0.908108108108108,0.9720670391061453,0.9291118722005007,0.03179459286309592,11,1.2365583419799804,0.04571299655194111,0.0031249523162841797,0.006249904632568359,0.75,0.0001,0.058848853226014235,32,1,1000,0.001,0.001,0.75,0.8956818721822162,"OrderedDict([('colsample_bytree', 0.75), ('gamma', 0.0001), ('learning_rate', 0.058848853226014235), ('max_depth', 32), ('min_child_weight', 1), ('n_estimators', 1000), ('reg_alpha', 0.001), ('reg_lambda', 0.001), ('scale_pos_weight', 0.75), ('subsample', 0.8956818721822162)])"
0.8666666666666666,0.9508196721311476,0.9333333333333332,0.9180327868852458,0.9613259668508287,0.9260046061490831,0.033186451315649866,18,1.260587215423584,0.032479007880250016,0.006249904632568359,0.007654538646909853,0.7719646907385939,0.002757394275578359,0.05505844274374463,32,1,1000,0.002641585539461163,0.001,0.8674388116634361,0.8507950548612625,"OrderedDict([('colsample_bytree', 0.7719646907385939), ('gamma', 0.002757394275578359), ('learning_rate', 0.05505844274374463), ('max_depth', 32), ('min_child_weight', 1), ('n_estimators', 1000), ('reg_alpha', 0.002641585539461163), ('reg_lambda', 0.001), ('scale_pos_weight', 0.8674388116634361), ('subsample', 0.8507950548612625)])"
0.8603351955307262,0.9613259668508287,0.9392265193370166,0.9032258064516129,0.9662921348314608,0.9260613572972739,0.039705355668236894,17,0.8607192516326905,0.016012247715103095,0.0037245750427246094,0.006062236267948797,0.8280809809050688,0.0001,0.20195773821804697,32,1,1000,0.010780424747006124,0.001,0.75,0.9969217283933296,"OrderedDict([('colsample_bytree', 0.8280809809050688), ('gamma', 0.0001), ('learning_rate', 0.20195773821804697), ('max_depth', 32), ('min_child_weight', 1), ('n_estimators', 1000), ('reg_alpha', 0.010780424747006124), ('reg_lambda', 0.001), ('scale_pos_weight', 0.75), ('subsample', 0.9969217283933296)])"
0.8826815642458101,0.9666666666666666,0.935483870967742,0.9120879120879121,0.9613259668508287,0.9316376751084263,0.031324376690854805,5,1.028691816329956,0.025143550687135464,0.00372467041015625,0.00606252278622636,0.75,0.030799015942427465,0.09891118247075902,18,1,1000,0.04037175027755182,0.001,0.8391134543101664,0.75,"OrderedDict([('colsample_bytree', 0.75), ('gamma', 0.030799015942427465), ('learning_rate', 0.09891118247075902), ('max_depth', 18), ('min_child_weight', 1), ('n_estimators', 1000), ('reg_alpha', 0.04037175027755182), ('reg_lambda', 0.001), ('scale_pos_weight', 0.8391134543101664), ('subsample', 0.75)])"
0.8999999999999999,0.9560439560439561,0.9438202247191012,0.9180327868852458,0.9662921348314608,0.9368256914746261,0.024477376057257545,1,1.7484249114990233,0.030960509933639198,0.007249641418457031,0.007078309067750317,0.75,0.0001,0.023954630075641786,32,1,1000,0.0029462438238392467,0.00223462634609437,0.9029486207298593,0.8696705487627351,"OrderedDict([('colsample_bytree', 0.75), ('gamma', 0.0001), ('learning_rate', 0.023954630075641786), ('max_depth', 32), ('min_child_weight', 1), ('n_estimators', 1000), ('reg_alpha', 0.0029462438238392467), ('reg_lambda', 0.00223462634609437), ('scale_pos_weight', 0.9029486207298593), ('subsample', 0.8696705487627351)])"
0.7650273224043714,0.8333333333333333,0.8156424581005587,0.7344632768361581,0.8242424242424242,0.7945763618727634,0.03821977112090452,89,1.2182465553283692,0.05190276700009412,0.00519709587097168,0.0011652308603547685,0.7617893910947939,10.0,7.691196699460011e-05,2,1,1000,10.0,0.001,0.75,0.7902525087331419,"OrderedDict([('colsample_bytree', 0.7617893910947939), ('gamma', 10.0), ('learning_rate', 7.691196699460011e-05), ('max_depth', 2), ('min_child_weight', 1), ('n_estimators', 1000), ('reg_alpha', 10.0), ('reg_lambda', 0.001), ('scale_pos_weight', 0.75), ('subsample', 0.7902525087331419)])"
0.7582417582417583,0.8351648351648351,0.8089887640449439,0.7344632768361581,0.8214285714285715,0.7916886746671962,0.03862822214005584,90,0.16229872703552245,0.018039961247442164,0.0033980369567871093,0.0007992506791771273,0.8024776554566057,10.0,0.00011919480762902115,2,1,100,10.0,0.001,0.75,0.75,"OrderedDict([('colsample_bytree', 0.8024776554566057), ('gamma', 10.0), ('learning_rate', 0.00011919480762902115), ('max_depth', 2), ('min_child_weight', 1), ('n_estimators', 100), ('reg_alpha', 10.0), ('reg_lambda', 0.001), ('scale_pos_weight', 0.75), ('subsample', 0.75)])"
0.7415730337078651,0.8333333333333333,0.7954545454545455,0.735632183908046,0.834355828220859,0.7880767912549081,0.04277936701833847,94,1.8812361717224122,0.09802797002411563,0.004197549819946289,0.0003997327177049117,0.8448760775523957,10.0,0.0001411326536274341,32,10,1000,10.0,0.001,0.75,0.8797381782777908,"OrderedDict([('colsample_bytree', 0.8448760775523957), ('gamma', 10.0), ('learning_rate', 0.0001411326536274341), ('max_depth', 32), ('min_child_weight', 10), ('n_estimators', 1000), ('reg_alpha', 10.0), ('reg_lambda', 0.001), ('scale_pos_weight', 0.75), ('subsample', 0.8797381782777908)])"
0.7428571428571429,0.8333333333333333,0.8181818181818182,0.718562874251497,0.8292682926829269,0.7884737790695306,0.047992707344435004,93,4.012476301193237,0.2613916662453063,0.0054362773895263675,0.006691860373499033,0.81446188626218,10.0,0.00010930122615269126,32,1,1000,10.0,0.001,0.844132521070371,0.9153970812995018,"OrderedDict([('colsample_bytree', 0.81446188626218), ('gamma', 10.0), ('learning_rate', 0.00010930122615269126), ('max_depth', 32), ('min_child_weight', 1), ('n_estimators', 1000), ('reg_alpha', 10.0), ('reg_lambda', 0.001), ('scale_pos_weight', 0.844132521070371), ('subsample', 0.9153970812995018)])"
0.8826815642458101,0.945054945054945,0.9438202247191012,0.9130434782608695,0.9666666666666666,0.9302315040430678,0.02928774460247481,9,1.4598388671875,0.1471833093702484,0.003924322128295898,0.0060513695518485035,0.8817084704034076,0.08205869946538243,0.20547922697057688,32,1,1000,0.0688506466363673,0.0016000357508521774,0.8163976607128096,0.9536915817657834,"OrderedDict([('colsample_bytree', 0.8817084704034076), ('gamma', 0.08205869946538243), ('learning_rate', 0.20547922697057688), ('max_depth', 32), ('min_child_weight', 1), ('n_estimators', 1000), ('reg_alpha', 0.0688506466363673), ('reg_lambda', 0.0016000357508521774), ('scale_pos_weight', 0.8163976607128096), ('subsample', 0.9536915817657834)])"
0.8764044943820225,0.945054945054945,0.9444444444444444,0.9239130434782609,0.9555555555555557,0.9290502145718069,0.02827923355583833,12,0.46038522720336916,0.027241915064265872,0.006249523162841797,0.007654071443818746,0.7906229084561167,0.036564951727947784,0.14145788819293129,32,1,276,0.35259854935212004,0.001,0.8280866845415839,0.9724912061761433,"OrderedDict([('colsample_bytree', 0.7906229084561167), ('gamma', 0.036564951727947784), ('learning_rate', 0.14145788819293129), ('max_depth', 32), ('min_child_weight', 1), ('n_estimators', 276), ('reg_alpha', 0.35259854935212004), ('reg_lambda', 0.001), ('scale_pos_weight', 0.8280866845415839), ('subsample', 0.9724912061761433)])"
0.8372093023255814,0.9613259668508287,0.9502762430939227,0.9171270718232043,0.9613259668508287,0.9254215352249822,0.04703963907602527,19,0.9679051876068115,0.027242270605890052,0.0,0.0,0.9330875338486787,0.06012824485007942,0.07685574641579476,2,1,1000,0.001,0.001,0.75,0.8824267633952672,"OrderedDict([('colsample_bytree', 0.9330875338486787), ('gamma', 0.06012824485007942), ('learning_rate', 0.07685574641579476), ('max_depth', 2), ('min_child_weight', 1), ('n_estimators', 1000), ('reg_alpha', 0.001), ('reg_lambda', 0.001), ('scale_pos_weight', 0.75), ('subsample', 0.8824267633952672)])"
0.8602150537634408,0.9273743016759776,0.9265536723163842,0.9060773480662984,0.9555555555555557,0.915119511410986,0.03166668358705616,25,2.9125428199768066,0.1217889634215231,0.0,0.0,0.8030954306191282,0.028974070799050677,0.007738843030288237,32,1,1000,0.1777657100317291,10.0,0.9715734913295576,0.820544578475056,"OrderedDict([('colsample_bytree', 0.8030954306191282), ('gamma', 0.028974070799050677), ('learning_rate', 0.007738843030288237), ('max_depth', 32), ('min_child_weight', 1), ('n_estimators', 1000), ('reg_alpha', 0.1777657100317291), ('reg_lambda', 10.0), ('scale_pos_weight', 0.9715734913295576), ('subsample', 0.820544578475056)])"
0.7999999999999999,0.8685714285714287,0.8342857142857142,0.75,0.8837209302325582,0.8273394304482401,0.048229492720437445,76,0.923140287399292,0.02136217155957889,0.0005997180938720703,0.0011994361877441407,0.9521354042034156,10.0,0.08717764044244063,2,10,1000,0.001,0.001,0.75,1.0,"OrderedDict([('colsample_bytree', 0.9521354042034156), ('gamma', 10.0), ('learning_rate', 0.08717764044244063), ('max_depth', 2), ('min_child_weight', 10), ('n_estimators', 1000), ('reg_alpha', 0.001), ('reg_lambda', 0.001), ('scale_pos_weight', 0.75), ('subsample', 1.0)])"
0.8045977011494252,0.96,0.9101123595505618,0.8864864864864864,0.9171270718232044,0.8956507327874642,0.051405776247540336,43,0.7372198104858398,0.08579582975824764,0.000599813461303711,0.001199626922607422,0.9413820635529471,0.0001,0.22780958550260108,2,10,1000,0.318536276701729,10.0,0.75,1.0,"OrderedDict([('colsample_bytree', 0.9413820635529471), ('gamma', 0.0001), ('learning_rate', 0.22780958550260108), ('max_depth', 2), ('min_child_weight', 10), ('n_estimators', 1000), ('reg_alpha', 0.318536276701729), ('reg_lambda', 10.0), ('scale_pos_weight', 0.75), ('subsample', 1.0)])"
0.8372093023255814,0.9111111111111111,0.9111111111111111,0.9050279329608939,0.9333333333333332,0.8995138609588875,0.03265105036159032,38,5.945124626159668,0.3162332861449502,0.009193801879882812,0.002784075732225938,0.75,0.013077637448899792,8.917283694300959e-06,32,1,1000,0.001,0.001,1.0,1.0,"OrderedDict([('colsample_bytree', 0.75), ('gamma', 0.013077637448899792), ('learning_rate', 8.917283694300959e-06), ('max_depth', 32), ('min_child_weight', 1), ('n_estimators', 1000), ('reg_alpha', 0.001), ('reg_lambda', 0.001), ('scale_pos_weight', 1.0), ('subsample', 1.0)])"
0.7777777777777778,0.8387096774193548,0.8524590163934427,0.7272727272727274,0.8414634146341463,0.8075892982159956,0.04785720077372928,82,2.134544277191162,0.1286466400403286,0.003125,0.006250000000000001,0.9208871652260364,0.007654919437805424,1.3774432767941933e-06,32,10,1000,0.001,10.0,1.0,0.7734974915084545,"OrderedDict([('colsample_bytree', 0.9208871652260364), ('gamma', 0.007654919437805424), ('learning_rate', 1.3774432767941933e-06), ('max_depth', 32), ('min_child_weight', 10), ('n_estimators', 1000), ('reg_alpha', 0.001), ('reg_lambda', 10.0), ('scale_pos_weight', 1.0), ('subsample', 0.7734974915084545)])"
0.8235294117647058,0.8950276243093922,0.888888888888889,0.8938547486033519,0.9340659340659342,0.8870120754676659,0.0356659982061598,51,6.437273073196411,0.3598888829006326,0.008994197845458985,0.001998234108081131,0.8905020143380733,0.00921777115138774,2.7238653824564037e-06,32,1,1000,0.001,0.001,1.0,1.0,"OrderedDict([('colsample_bytree', 0.8905020143380733), ('gamma', 0.00921777115138774), ('learning_rate', 2.7238653824564037e-06), ('max_depth', 32), ('min_child_weight', 1), ('n_estimators', 1000), ('reg_alpha', 0.001), ('reg_lambda', 0.001), ('scale_pos_weight', 1.0), ('subsample', 1.0)])"
0.8439306358381502,0.9613259668508287,0.9613259668508287,0.8901098901098902,0.9508196721311476,0.9215047900127423,0.047008151875870596,21,1.3425694942474364,0.11849771205228281,0.0035980701446533202,0.0004895704682168957,0.7649573692503315,0.19071884120973456,0.03793778981331039,2,1,1000,0.02191158550899151,0.001,0.8527960014612131,0.9436018739709393,"OrderedDict([('colsample_bytree', 0.7649573692503315), ('gamma', 0.19071884120973456), ('learning_rate', 0.03793778981331039), ('max_depth', 2), ('min_child_weight', 1), ('n_estimators', 1000), ('reg_alpha', 0.02191158550899151), ('reg_lambda', 0.001), ('scale_pos_weight', 0.8527960014612131), ('subsample', 0.9436018739709393)])"
0.7976190476190477,0.9273743016759776,0.8999999999999999,0.9111111111111111,0.9289617486338798,0.8929516855709542,0.04892311025758135,45,5.6089221954345705,0.11801635646014291,0.009374475479125977,0.007654227183133387,0.9709639429465469,0.21916787833709603,1e-06,32,1,1000,0.001,0.001,0.75,0.8431246850214134,"OrderedDict([('colsample_bytree', 0.9709639429465469), ('gamma', 0.21916787833709603), ('learning_rate', 1e-06), ('max_depth', 32), ('min_child_weight', 1), ('n_estimators', 1000), ('reg_alpha', 0.001), ('reg_lambda', 0.001), ('scale_pos_weight', 0.75), ('subsample', 0.8431246850214134)])"
